First Name,Last Name,Email,Field
Johann,Smith,johann.smith@example.com,CS
Arielle,Johnson,arielle.johnson@example.com,CS
Jonathan,Doe,jonathan.doe@example.com,CS
Emmanuel,Williams,emmanuel.williams@example.com,CS
Guillaume,Jackson,guillaume.jackson@example.com,SWE
Katie,Anderson,katie.anderson@example.com,CS
Joseph,Thomas,joseph.thomas@example.com,SWE
Paul,White,paul.white@example.com,SWE
Tommy,Clark,tommy.clark@example.com,SWE
